"Organism","Limb_width","Limb_length","Observer","Volume"
"Specious peoples",6,0,"Sam P",0
"Orng samples",7,7,"Alyssa G",269.391570045325
"Pinkus grafiarous",8,4,"Josh G",201.061929829747
"Pinkus grafiarous",9,3,"Alyssa G",190.85175370558
"Specious peoples",6,4,"Josh G",113.097335529233
"Orng samples",6,6,"Josh G",169.646003293849
"Pinkus grafiarous",4,2,"Josh G",25.1327412287183
"Orng samples",6,4,"Alyssa G",113.097335529233
"Pinkus grafiarous",11,2,"Alyssa G",190.066355542182
"Orng samples",8,6,"Sam P",301.59289474462
"Purlous elefanous",3,6,"Josh G",42.4115008234622
"Grenous benous",5,7,"Alyssa G",137.444678594553
"Grenous benous",4,4,"Sam P",50.2654824574367
"Orng samples",8,5,"Alyssa G",251.327412287183
"Pinkus grafiarous",5,6,"Josh G",117.809724509617
"Specious peoples",8,5,"Sam P",251.327412287183
"Purlous elefanous",2,5,"Josh G",15.707963267949
"Specious peoples",5,7,"Alyssa G",137.444678594553
"Pinkus grafiarous",1,4,"Josh G",3.14159265358979
"Orng samples",1,5,"Sam P",3.92699081698724
"Grenous benous",5,5,"Alyssa G",98.174770424681
"Grenous benous",9,12,"Sam P",763.40701482232
"Orng samples",6,7,"Sam P",197.920337176157
"Purlous elefanous",2,6,"Josh G",18.8495559215388
"Purlous elefanous",3,5,"Alyssa G",35.3429173528852
"Grenous benous",6,4,"Alyssa G",113.097335529233
"Orng samples",5,7,"Sam P",137.444678594553
"Specious peoples",5,5,"Josh G",98.174770424681
"Purlous elefanous",8,4,"Sam P",201.061929829747
"Specious peoples",5,7,"Josh G",137.444678594553
"Purlous elefanous",5,4,"Josh G",78.5398163397448
"Orng samples",5,11,"Alyssa G",215.984494934298
"Grenous benous",6,3,"Sam P",84.8230016469244
"Specious peoples",4,6,"Sam P",75.398223686155
"Orng samples",4,7,"Sam P",87.9645943005142
"Pinkus grafiarous",2,5,"Alyssa G",15.707963267949
"Purlous elefanous",1,6,"Sam P",4.71238898038469
"Grenous benous",4,0,"Josh G",0
"Pinkus grafiarous",4,6,"Sam P",75.398223686155
"Purlous elefanous",4,8,"Josh G",100.530964914873
"Pinkus grafiarous",3,9,"Sam P",63.6172512351933
"Purlous elefanous",2,0,"Sam P",0
"Specious peoples",9,4,"Alyssa G",254.469004940773
"Grenous benous",8,1,"Alyssa G",50.2654824574367
"Purlous elefanous",8,7,"Josh G",351.858377202057
"Specious peoples",5,7,"Sam P",137.444678594553
"Pinkus grafiarous",10,4,"Sam P",314.159265358979
"Orng samples",3,8,"Josh G",56.5486677646163
"Orng samples",5,8,"Alyssa G",157.07963267949
"Pinkus grafiarous",11,2,"Sam P",190.066355542182
"Orng samples",9,7,"Alyssa G",445.320758646353
"Specious peoples",7,5,"Sam P",192.422550032375
"Orng samples",5,5,"Alyssa G",98.174770424681
"Purlous elefanous",12,7,"Alyssa G",791.681348704628
"Grenous benous",4,5,"Josh G",62.8318530717959
"Orng samples",4,9,"Josh G",113.097335529233
"Orng samples",5,4,"Sam P",78.5398163397448
"Orng samples",2,4,"Alyssa G",12.5663706143592
"Orng samples",4,8,"Josh G",100.530964914873
"Orng samples",8,4,"Josh G",201.061929829747
"Purlous elefanous",7,4,"Josh G",153.9380400259
"Orng samples",5,2,"Sam P",39.2699081698724
"Grenous benous",8,3,"Josh G",150.79644737231
"Orng samples",5,7,"Josh G",137.444678594553
"Purlous elefanous",5,4,"Josh G",78.5398163397448
"Purlous elefanous",7,6,"Sam P",230.90706003885
"Purlous elefanous",6,5,"Sam P",141.371669411541
"Specious peoples",3,2,"Alyssa G",14.1371669411541
"Grenous benous",6,2,"Alyssa G",56.5486677646163
"Grenous benous",3,2,"Alyssa G",14.1371669411541
"Orng samples",7,5,"Sam P",192.422550032375
"Pinkus grafiarous",8,4,"Josh G",201.061929829747
"Pinkus grafiarous",10,2,"Alyssa G",157.07963267949
"Purlous elefanous",5,1,"Josh G",19.6349540849362
"Pinkus grafiarous",8,5,"Sam P",251.327412287183
"Pinkus grafiarous",1,5,"Sam P",3.92699081698724
"Grenous benous",9,4,"Sam P",254.469004940773
"Pinkus grafiarous",8,2,"Alyssa G",100.530964914873
"Grenous benous",3,5,"Josh G",35.3429173528852
"Orng samples",3,3,"Josh G",21.2057504117311
"Specious peoples",5,6,"Sam P",117.809724509617
"Orng samples",8,7,"Sam P",351.858377202057
"Grenous benous",3,3,"Josh G",21.2057504117311
"Orng samples",5,4,"Alyssa G",78.5398163397448
"Grenous benous",3,2,"Josh G",14.1371669411541
"Specious peoples",4,3,"Alyssa G",37.6991118430775
"Orng samples",2,3,"Sam P",9.42477796076938
"Purlous elefanous",4,6,"Josh G",75.398223686155
"Purlous elefanous",10,3,"Sam P",235.619449019234
"Purlous elefanous",5,8,"Alyssa G",157.07963267949
"Grenous benous",8,6,"Sam P",301.59289474462
"Orng samples",0,7,"Sam P",0
"Purlous elefanous",2,6,"Josh G",18.8495559215388
"Grenous benous",5,5,"Josh G",98.174770424681
"Specious peoples",5,8,"Alyssa G",157.07963267949
"Grenous benous",7,8,"Alyssa G",307.8760800518
"Purlous elefanous",11,9,"Sam P",855.298599939821
"Pinkus grafiarous",3,8,"Alyssa G",56.5486677646163
"Specious peoples",4,6,"Sam P",75.398223686155
"Purlous elefanous",6,6,"Alyssa G",169.646003293849
